SKU;Producto;Categoria;Tipo Presentacion;Formato;Unidad
E03611;Aceite;;;;
E02151;Manzanilla;Especias;Ristra;10x6 gr;multipack
E01851;Flor Jamaica;Especias;Ristra;10x8 gr;multipack
E00551;Anis dulce;Especias;Ristra;10x10gr;multipack
E00651;Anis estrellado;Especias;Ristra;10x10gr;multipack
E00851;Canela entera;Especias;Ristra;10x10gr;multipack
E01151;Clavos dulces;Especias;Ristra;10x10 gr;multipack
E01451;Comino entero;Especias;Ristra;10x10 gr;multipack
E02051;Laurel;Especias;Ristra;10x10 gr;multipack
E02251;Nuez Moscada;Especias;Ristra;10x10 gr;multipack
E02351;Onoto entero;Especias;Ristra;10x10 gr;multipack
E02451;Oregano;Especias;Ristra;10x10 gr;multipack
E00151;Adobo;Especias;Ristra;10x18 gr;multipack
E00251;Ajinomoto;Especias;Ristra;10x18 gr;multipack
E00351;Ajo en polvo;Especias;Ristra;10x18 gr;multipack
E00451;Ajo,Cebolla,Perejil;Especias;Ristra;10x18 gr;multipack
E00951;Canela molida;Especias;Ristra;10x18gr;multipack
E01051;Carmencita;Especias;Ristra;10x18 gr;multipack
E01251;Color onoto molido;Especias;Ristra;10x18 gr;multipack
E01551;Cubito;Especias;Ristra;10x18 gr;multipack
E01651;Curcuma;Especias;Ristra;10x18 gr;multipack
E01751;Curry;Especias;Ristra;10x18 gr;multipack
E01951;Jengibre;Especias;Ristra;10x18 gr;multipack
E02551;Oregano molido;Especias;Ristra;10x18 gr;multipack
E02651;Paprika(pimento picante);Especias;Ristra;10x18 gr;multipack
E02751;Paprika(primento dulce);Especias;Ristra;10x18 gr;multipack
E02851;Pimienta Blanca molida;Especias;Ristra;10x18 gr;multipack
E02951;Pimienta Guayabita;Especias;Ristra;10x18 gr;multipack
E03051;Pimienta negra entera;Especias;Ristra;10x18gr;multipack
E03151;Pimienta negra molida;Especias;Ristra;10x18 gr;multipack
E03351;Sabroseador;Especias;Ristra;10x18 gr;multipack
E03451;Salsa para pasta;Especias;Ristra;10x18 gr;multipack
E00751;Bicarbonato;Especias;Ristra;10x25 gr;multipack
E02161;Manzanilla;Especias;Bolsa Individual;6 gr;gr
E01861;Flor Jamaica;Especias;Bolsa Individual;8 gr;gr
E00561;Anis dulce;Especias;Bolsa Individual;10 gr;gr
E00661;Anis estrellado;Especias;Bolsa Individual;10 gr;gr
E00861;Canela entera;Especias;Bolsa Individual;10 gr;gr
E01161;Clavos dulces;Especias;Bolsa Individual;10 gr;gr
E01461;Comino entero;Especias;Bolsa Individual;10 gr;gr
E02061;Laurel;Especias;Bolsa Individual;10 gr;gr
E02261;Nuez Moscada;Especias;Bolsa Individual;10 gr;gr
E02361;Onoto entero;Especias;Bolsa Individual;10 gr;gr
E02461;Oregano;Especias;Bolsa Individual;10 gr;gr
E02961;Pimienta Guayabita;Especias;Bolsa Individual;10 gr;gr
E03061;Pimienta negra entera;Especias;Bolsa Individual;10 gr;gr
E00161;Adobo;Especias;Bolsa Individual;18 gr;gr
E00261;Ajinomoto;Especias;Bolsa Individual;18 gr;gr
E00361;Ajo en polvo;Especias;Bolsa Individual;18 gr;gr
E00461;Ajo,Cebolla,Perejil;Especias;Bolsa Individual;18 gr;gr
E00961;Canela molida;Especias;Bolsa Individual;18 gr;gr
E01061;Carmencita;Especias;Bolsa Individual;18 gr;gr
E01261;Color onoto molido;Especias;Bolsa Individual;18 gr;gr
E01561;Cubito;Especias;Bolsa Individual;18 gr;gr
E01661;Curcuma;Especias;Bolsa Individual;18 gr;gr
E01761;Curry;Especias;Bolsa Individual;18 gr;gr
E01961;Jengibre;Especias;Bolsa Individual;18 gr;gr
E02561;Oregano molido;Especias;Bolsa Individual;18 gr;gr
E02661;Paprika(pimento picante);Especias;Bolsa Individual;18 gr;gr
E02761;Paprika(primento dulce);Especias;Bolsa Individual;18 gr;gr
E02861;Pimienta Blanca molida;Especias;Bolsa Individual;18 gr;gr
E03161;Pimienta negra molida;Especias;Bolsa Individual;18 gr;gr
E03361;Sabroseador;Especias;Bolsa Individual;18 gr;gr
E03461;Salsa para pasta;Especias;Bolsa Individual;18 gr;gr
E00761;Bicarbonato;Especias;Bolsa Individual;25 gr;gr
E00171;Adobo;Especias;Por Kilo;1 kg;kg
E00271;Ajinomoto;Especias;Por Kilo;1 kg;kg
E00371;Ajo en polvo;Especias;Por Kilo;1 kg;kg
E00471;Ajo,Cebolla,Perejil;Especias;Por Kilo;1kg;kg
E00571;Anis dulce;Especias;Por Kilo;1 kg;kg
E00671;Anis estrellado;Especias;Por Kilo;1 kg;kg
E00871;Canela entera;Especias;Por Kilo;1 kg;kg
E00971;Canela molida;Especias;Por Kilo;1 kg;kg
E01071;Carmencita;Especias;Por Kilo;1 kg;kg
E01171;Clavos dulces;Especias;Por Kilo;1 kg;kg
E01271;Color onoto molido;Especias;Por Kilo;1 kg;kg
E01371;Comino de segunda;Especias;Por Kilo;1 kg;kg
E01571;Cubito;Especias;Por Kilo;1 kg;kg
E01871;Flor Jamaica;Especias;Por Kilo;1 kg;kg
E01971;Jengibre;Especias;Por Kilo;1 kg;kg
E02071;Laurel;Especias;Por Kilo;1 kg;kg
E02271;Nuez Moscada;Especias;Por Kilo;1 kg;kg
E02371;Onoto entero;Especias;Por Kilo;1 kg;kg
E02471;Oregano;Especias;Por Kilo;1 kg;kg
E02571;Oregano molido;Especias;Por Kilo;1 kg;kg
E02871;Pimienta Blanca molida;Especias;Por Kilo;1 kg;kg
E02971;Pimienta Guayabita;Especias;Por Kilo;1 kg;kg
E03071;Pimienta negra entera;Especias;Por Kilo;1 kg;kg
E03171;Pimienta negra molida;Especias;Por Kilo;1 kg;kg
E03271;Romero;Especias;Por Kilo;1 kg;kg
E03371;Sabroseador;Especias;Por Kilo;1 kg;kg
E03471;Salsa para pasta;Especias;Por Kilo;1 kg;kg
E03571;Tomillo;Especias;Por Kilo;1 kg;kg
G01711;Afrecho;Granos y Semillas;Saco;kg;kg
G00911;Cebada;Granos y Semillas;Saco;20 kg;kg
G01211;Girasol;Granos y Semillas;Saco;20 kg;kg
G00411;Avena en hojuelas;Granos y Semillas;Saco;25 kg;kg
G00611;Caraotas Blancas;Granos y Semillas;Saco;25 kg;kg
G00711;Caraotas Negras;Granos y Semillas;Saco;25 kg;kg
G00811;Caraotas Rojas;Granos y Semillas;Saco;25 kg;kg
G01111;Garbanzos;Granos y Semillas;Saco;25 kg;kg
G01511;Maíz para Cotufa;Granos y Semillas;Saco;25 kg;kg
G00311;Arveja Verde Partida;Granos y Semillas;Saco;45,36 kg;kg
G01411;Linaza;Granos y Semillas;Saco;45,36 kg;kg
G00211;Alpiste;Granos y Semillas;Saco;50 kg;kg
G00712;Caraotas Negras;Granos y Semillas;Saco;50 kg;kg
G01311;Lentejas;Granos y Semillas;Saco;50 kg;kg
G01611;Arroz Pollito;Granos y Semillas;Saco;50 kg;kg
G01021;Chia;Granos y Semillas;Bulto;10x10 gr;multipack
G00421;Avena en hojuelas;Granos y Semillas;Bulto;48x200 gr;multipack
G00321;Arveja Verde Partida;Granos y Semillas;Bulto;20x250 gr;multipack
G00621;Caraotas Blancas;Granos y Semillas;Bulto;20x250 gr;multipack
G00721;Caraotas Negras;Granos y Semillas;Bulto;20x250 gr;multipack
G00821;Caraotas Rojas;Granos y Semillas;Bulto;20x250 gr;multipack
G01121;Garbanzos;Granos y Semillas;Bulto;20x250 gr;multipack
G01321;Lentejas;Granos y Semillas;Bulto;20x250 gr;multipack
G01521;Maíz para Cotufa;Granos y Semillas;Bulto;20x250 gr;multipack
G00221;Alpiste;Granos y Semillas;Bulto;24x250 gr;multipack
G00921;Cebada;Granos y Semillas;Bulto;24x250 gr;multipack
G01421;Linaza;Granos y Semillas;Bulto;24x250 gr;multipack
G01522;Maíz para Cotufa;Granos y Semillas;Bulto;48x250 gr;multipack
G00322;Arveja Verde Partida;Granos y Semillas;Bulto;20x400 gr;multipack
G00622;Caraotas Blancas;Granos y Semillas;Bulto;20x400 gr;multipack
G00722;Caraotas Negras;Granos y Semillas;Bulto;20x400 gr;multipack
G00822;Caraotas Rojas;Granos y Semillas;Bulto;20x400 gr;multipack
G01122;Garbanzos;Granos y Semillas;Bulto;20x400 gr;multipack
G01322;Lentejas;Granos y Semillas;Bulto;20x400 gr;multipack
G01523;Maíz para Cotufa;Granos y Semillas;Bulto;20x400 gr;multipack
G00422;Avena en hojuelas;Granos y Semillas;Bulto;24x400 gr;multipack
G00222;Alpiste;Granos y Semillas;Bulto;24x500 gr;multipack
G00323;Arveja Verde Partida;Granos y Semillas;Bulto;24x500 gr;multipack
G00623;Caraotas Blancas;Granos y Semillas;Bulto;24x500 gr;multipack
G00723;Caraotas Negras;Granos y Semillas;Bulto;24x500 gr;multipack
G00823;Caraotas Rojas;Granos y Semillas;Bulto;24x500 gr;multipack
G01123;Garbanzos;Granos y Semillas;Bulto;24x500 gr;multipack
G01323;Lentejas;Granos y Semillas;Bulto;24x500 gr;multipack
G01524;Maíz para Cotufa;Granos y Semillas;Bulto;24x500 gr;multipack
G00423;Avena en hojuelas;Granos y Semillas;Bulto;12x800 gr;multipack
G00324;Arveja Verde Partida;Granos y Semillas;Bulto;18x900 gr;multipack
G00624;Caraotas Blancas;Granos y Semillas;Bulto;18x900 gr;multipack
G00724;Caraotas Negras;Granos y Semillas;Bulto;18x900 gr;multipack
G00824;Caraotas Rojas;Granos y Semillas;Bulto;18x900 gr;multipack
G01124;Garbanzos;Granos y Semillas;Bulto;18x900 gr;multipack
G01324;Lentejas;Granos y Semillas;Bulto;18x900 gr;multipack
G00231;Alpiste;Granos y Semillas;Medio Bulto;12x250 gr;multipack
G00931;Cebada;Granos y Semillas;Medio Bulto;12x250 gr;multipack
G01431;Linaza;Granos y Semillas;Medio Bulto;12x250 gr;multipack
G00831;Caraotas Rojas;Granos y Semillas;Medio Bulto;12x500 gr;multipack
G00241;Alpiste;Granos y Semillas;Bolsa 4kg;4 kg;kg
G00341;Arveja Verde Partida;Granos y Semillas;Bolsa 4kg;4 kg;kg
G00541;Avena Fina;Granos y Semillas;Bolsa 4kg;4 kg;kg
G00641;Caraotas Blancas;Granos y Semillas;Bolsa 4kg;4 kg;kg
G00741;Caraotas Negras;Granos y Semillas;Bolsa 4kg;4 kg;kg
G00841;Caraotas Rojas;Granos y Semillas;Bolsa 4kg;4 kg;kg
G01141;Garbanzos;Granos y Semillas;Bolsa 4kg;4 kg;kg
G01341;Lentejas;Granos y Semillas;Bolsa 4kg;4 kg;kg
G01441;Linaza;Granos y Semillas;Bolsa 4kg;4 kg;kg
G01541;Maíz para Cotufa;Granos y Semillas;Bolsa 4kg;4 kg;kg
G01061;Chia;Granos y Semillas;Bolsa Individual;10 gr;gr
G00461;Avena en hojuelas;Granos y Semillas;Bolsa Individual;200 gr;gr
G00261;Alpiste;Granos y Semillas;Bolsa Individual;250 gr;gr
G00361;Arveja Verde Partida;Granos y Semillas;Bolsa Individual;250 gr;gr
G00661;Caraotas Blancas;Granos y Semillas;Bolsa Individual;250 gr;gr
G00761;Caraotas Negras;Granos y Semillas;Bolsa Individual;250 gr;gr
G00861;Caraotas Rojas;Granos y Semillas;Bolsa Individual;250 gr;gr
G00961;Cebada;Granos y Semillas;Bolsa Individual;250 gr;gr
G01161;Garbanzos;Granos y Semillas;Bolsa Individual;250 gr;gr
G01361;Lentejas;Granos y Semillas;Bolsa Individual;250 gr;gr
G01461;Linaza;Granos y Semillas;Bolsa Individual;250 gr;gr
G01561;Maíz para Cotufa;Granos y Semillas;Bolsa Individual;250 gr;gr
G00362;Arveja Verde Partida;Granos y Semillas;Bolsa Individual;400 gr;gr
G00462;Avena en hojuelas;Granos y Semillas;Bolsa Individual;400 gr;gr
G00662;Caraotas Blancas;Granos y Semillas;Bolsa Individual;400 gr;gr
G00762;Caraotas Negras;Granos y Semillas;Bolsa Individual;400 gr;gr
G00862;Caraotas Rojas;Granos y Semillas;Bolsa Individual;400 gr;gr
G01162;Garbanzos;Granos y Semillas;Bolsa Individual;400 gr;gr
G01362;Lentejas;Granos y Semillas;Bolsa Individual;400 gr;gr
G01562;Maíz para Cotufa;Granos y Semillas;Bolsa Individual;400 gr;gr
G00262;Alpiste;Granos y Semillas;Bolsa Individual;500 gr;gr
G00363;Arveja Verde Partida;Granos y Semillas;Bolsa Individual;500 gr;gr
G00663;Caraotas Blancas;Granos y Semillas;Bolsa Individual;500 gr;gr
G00763;Caraotas Negras;Granos y Semillas;Bolsa Individual;500 gr;gr
G00863;Caraotas Rojas;Granos y Semillas;Bolsa Individual;500 gr;gr
G01163;Garbanzos;Granos y Semillas;Bolsa Individual;500 gr;gr
G01363;Lentejas;Granos y Semillas;Bolsa Individual;500 gr;gr
G01563;Maíz para Cotufa;Granos y Semillas;Bolsa Individual;500 gr;gr
G00463;Avena en hojuelas;Granos y Semillas;Bolsa Individual;800 gr;gr
G00364;Arveja Verde Partida;Granos y Semillas;Bolsa Individual;900 gr;gr
G00664;Caraotas Blancas;Granos y Semillas;Bolsa Individual;900 gr;gr
G00764;Caraotas Negras;Granos y Semillas;Bolsa Individual;900 gr;gr
G00864;Caraotas Rojas;Granos y Semillas;Bolsa Individual;900 gr;gr
G01164;Garbanzos;Granos y Semillas;Bolsa Individual;900 gr;gr
G01364;Lentejas;Granos y Semillas;Bolsa Individual;900 gr;gr
G01564;Maíz para Cotufa;Granos y Semillas;Bolsa Individual;900 gr;gr
G00171;Ajonjoli;Granos y Semillas;Por Kilo;1 kg;kg
G01071;Chia;Granos y Semillas;Por Kilo;1 kg;kg
